ID,PARTNER_KEY_ID,PO_ITEM_POS,PRODUCT_GUID_node_key,LIFECYCLE_STATUS,OVERALL_STATUS,NOTE,GROSS_AMOUNT,NET_AMOUNT,TAX_AMOUNT,CURRENCY
550e8400e29b41d4a716446655440001,74867AD200E41EDBA5D8B0C98DC2C052,10,PROD001,Created,Open,Laptop Item,1100.00,1000.00,100.00,USD
550e8400e29b41d4a716446655440002,74867AD200E41EDBA5D8B0C98DC2C052,20,PROD002,Created,Open,Desktop Item,2200.00,2000.00,200.00,USD
550e8400e29b41d4a716446655440003,74867AD200E41EDBA5D8B0C98DC2C052,30,PROD003,Created,Open,SAP License Item,550.00,500.00,50.00,USD
550e8400e29b41d4a716446655440004,74867AD200E41EDBA5D8B0C98DC2C052,40,PROD001,Created,Open,Laptop Item 2,880.00,800.00,80.00,USD
550e8400e29b41d4a716446655440005,74867AD200E41EDBA5D8B0C98DC2C052,50,PROD002,Approved,Open,Desktop Item 2,330.00,300.00,30.00,USD
550e8400e29b41d4a716446655440006,74867AD200E41EDBA5D8B0C98DC2C052,60,PROD003,Approved,Open,SAP License Item 2,1650.00,1500.00,150.00,USD
550e8400e29b41d4a716446655440007,8F7A9D44A7F84C2E9E5B1A7C12345678,10,PROD001,Created,Open,Laptop Item,3300.00,3000.00,300.00,USD
550e8400e29b41d4a716446655440008,8F7A9D44A7F84C2E9E5B1A7C12345678,20,PROD002,Created,Open,Desktop Item,4400.00,4000.00,400.00,USD
550e8400e29b41d4a716446655440009,8F7A9D44A7F84C2E9E5B1A7C12345678,30,PROD003,Approved,Open,SAP License Item,2200.00,2000.00,200.00,USD
550e8400e29b41d4a716446655440010,8F7A9D44A7F84C2E9E5B1A7C12345678,40,PROD001,Approved,Open,Laptop Item 2,1320.00,1200.00,120.00,USD